[{"model": "admin.logentry", "pk": 1, "fields": {"action_time": "2025-02-12T12:27:23.019Z", "user": 2, "content_type": 6, "object_id": "2", "object_repr": "LeonAdmin", "action_flag": 2, "change_message": "[{\"changed\": {\"fields\": [\"Stars\"]}}]"}}, {"model": "admin.logentry", "pk": 2, "fields": {"action_time": "2025-02-12T12:27:31.402Z", "user": 2, "content_type": 6, "object_id": "1", "object_repr": "Leon123", "action_flag": 2, "change_message": "[{\"changed\": {\"fields\": [\"Stars\"]}}]"}}, {"model": "admin.logentry", "pk": 3, "fields": {"action_time": "2025-02-12T14:37:39.521Z", "user": 2, "content_type": 7, "object_id": "1", "object_repr": "50/50 Joker", "action_flag": 1, "change_message": "[{\"added\": {}}]"}}, {"model": "admin.logentry", "pk": 4, "fields": {"action_time": "2025-02-12T15:27:58.508Z", "user": 2, "content_type": 6, "object_id": "2", "object_repr": "LeonAdmin", "action_flag": 2, "change_message": "[{\"changed\": {\"fields\": [\"Coins\"]}}]"}}, {"model": "admin.logentry", "pk": 5, "fields": {"action_time": "2025-02-13T12:01:14.335Z", "user": 2, "content_type": 7, "object_id": "2", "object_repr": "Telephone joker", "action_flag": 1, "change_message": "[{\"added\": {}}]"}}, {"model": "admin.logentry", "pk": 6, "fields": {"action_time": "2025-02-13T12:02:58.835Z", "user": 2, "content_type": 7, "object_id": "2", "object_repr": "Telephone joker", "action_flag": 2, "change_message": "[{\"changed\": {\"fields\": [\"Description\"]}}]"}}, {"model": "admin.logentry", "pk": 7, "fields": {"action_time": "2025-02-13T12:03:53.085Z", "user": 2, "content_type": 7, "object_id": "1", "object_repr": "50/50 Joker", "action_flag": 2, "change_message": "[{\"changed\": {\"fields\": [\"Description\"]}}]"}}, {"model": "admin.logentry", "pk": 8, "fields": {"action_time": "2025-02-13T12:07:32.609Z", "user": 2, "content_type": 7, "object_id": "1", "object_repr": "50/50 Joker", "action_flag": 2, "change_message": "[{\"changed\": {\"fields\": [\"Description\"]}}]"}}, {"model": "admin.logentry", "pk": 9, "fields": {"action_time": "2025-02-13T12:08:03.189Z", "user": 2, "content_type": 7, "object_id": "2", "object_repr": "Telephone joker", "action_flag": 2, "change_message": "[{\"changed\": {\"fields\": [\"Description\"]}}]"}}, {"model": "admin.logentry", "pk": 10, "fields": {"action_time": "2025-02-13T13:17:57.369Z", "user": 2, "content_type": 6, "object_id": "2", "object_repr": "LeonAdmin", "action_flag": 2, "change_message": "[{\"changed\": {\"fields\": [\"Image\"]}}]"}}, {"model": "admin.logentry", "pk": 11, "fields": {"action_time": "2025-02-13T13:18:38.421Z", "user": 2, "content_type": 6, "object_id": "1", "object_repr": "Leon123", "action_flag": 2, "change_message": "[{\"changed\": {\"fields\": [\"Coins\"]}}]"}}, {"model": "admin.logentry", "pk": 12, "fields": {"action_time": "2025-02-13T13:19:50.005Z", "user": 2, "content_type": 6, "object_id": "1", "object_repr": "Leon123", "action_flag": 2, "change_message": "[{\"changed\": {\"fields\": [\"Image\"]}}]"}}, {"model": "admin.logentry", "pk": 13, "fields": {"action_time": "2025-02-18T11:20:59.906Z", "user": 2, "content_type": 7, "object_id": "3", "object_repr": "Nova (opponents)", "action_flag": 1, "change_message": "[{\"added\": {}}]"}}, {"model": "admin.logentry", "pk": 14, "fields": {"action_time": "2025-02-18T11:22:53.423Z", "user": 2, "content_type": 7, "object_id": "4", "object_repr": "Nebula (skins)", "action_flag": 1, "change_message": "[{\"added\": {}}]"}}, {"model": "admin.logentry", "pk": 15, "fields": {"action_time": "2025-02-18T11:23:14.090Z", "user": 2, "content_type": 7, "object_id": "4", "object_repr": "Nebula (skins)", "action_flag": 2, "change_message": "[]"}}, {"model": "admin.logentry", "pk": 16, "fields": {"action_time": "2025-02-18T11:24:02.040Z", "user": 2, "content_type": 7, "object_id": "2", "object_repr": "Telephone joker (joker)", "action_flag": 2, "change_message": "[{\"changed\": {\"fields\": [\"Category\"]}}]"}}, {"model": "admin.logentry", "pk": 17, "fields": {"action_time": "2025-02-18T11:24:06.938Z", "user": 2, "content_type": 7, "object_id": "1", "object_repr": "50/50 Joker (joker)", "action_flag": 2, "change_message": "[{\"changed\": {\"fields\": [\"Category\"]}}]"}}, {"model": "admin.logentry", "pk": 18, "fields": {"action_time": "2025-02-18T11:28:03.312Z", "user": 2, "content_type": 7, "object_id": "4", "object_repr": "Nebula (skins)", "action_flag": 2, "change_message": "[{\"changed\": {\"fields\": [\"Description\"]}}]"}}, {"model": "admin.logentry", "pk": 19, "fields": {"action_time": "2025-02-18T12:51:06.217Z", "user": 2, "content_type": 6, "object_id": "2", "object_repr": "LeonAdmin", "action_flag": 2, "change_message": "[{\"changed\": {\"fields\": [\"Coins\"]}}]"}}, {"model": "admin.logentry", "pk": 20, "fields": {"action_time": "2025-02-19T08:59:25.401Z", "user": 2, "content_type": 6, "object_id": "1", "object_repr": "Leon123", "action_flag": 2, "change_message": "[{\"changed\": {\"fields\": [\"Nation\", \"Average stars per game\"]}}]"}}, {"model": "admin.logentry", "pk": 21, "fields": {"action_time": "2025-02-19T08:59:37.776Z", "user": 2, "content_type": 6, "object_id": "2", "object_repr": "LeonAdmin", "action_flag": 2, "change_message": "[{\"changed\": {\"fields\": [\"Average stars per game\"]}}]"}}, {"model": "admin.logentry", "pk": 22, "fields": {"action_time": "2025-02-19T10:01:33.614Z", "user": 2, "content_type": 6, "object_id": "2", "object_repr": "LeonAdmin", "action_flag": 2, "change_message": "[{\"changed\": {\"fields\": [\"Nation\"]}}]"}}, {"model": "admin.logentry", "pk": 23, "fields": {"action_time": "2025-02-19T10:01:44.829Z", "user": 2, "content_type": 6, "object_id": "1", "object_repr": "Leon123", "action_flag": 2, "change_message": "[{\"changed\": {\"fields\": [\"Nation\"]}}]"}}, {"model": "admin.logentry", "pk": 24, "fields": {"action_time": "2025-02-19T10:25:29.748Z", "user": 2, "content_type": 6, "object_id": "1", "object_repr": "Leon123", "action_flag": 2, "change_message": "[{\"changed\": {\"fields\": [\"Nation\"]}}]"}}, {"model": "admin.logentry", "pk": 25, "fields": {"action_time": "2025-02-19T10:25:40.980Z", "user": 2, "content_type": 6, "object_id": "2", "object_repr": "LeonAdmin", "action_flag": 2, "change_message": "[{\"changed\": {\"fields\": [\"Nation\"]}}]"}}, {"model": "admin.logentry", "pk": 26, "fields": {"action_time": "2025-02-19T13:03:51.945Z", "user": 2, "content_type": 6, "object_id": "3", "object_repr": "Max", "action_flag": 1, "change_message": "[{\"added\": {}}]"}}, {"model": "admin.logentry", "pk": 27, "fields": {"action_time": "2025-02-19T13:04:22.716Z", "user": 2, "content_type": 6, "object_id": "2", "object_repr": "LeonAdmin", "action_flag": 2, "change_message": "[{\"changed\": {\"fields\": [\"Average stars per game\"]}}]"}}, {"model": "admin.logentry", "pk": 28, "fields": {"action_time": "2025-02-26T10:13:02.740Z", "user": 2, "content_type": 6, "object_id": "5", "object_repr": "king30", "action_flag": 3, "change_message": ""}}, {"model": "admin.logentry", "pk": 29, "fields": {"action_time": "2025-02-27T13:32:45.053Z", "user": 2, "content_type": 7, "object_id": "5", "object_repr": "Space - Theme (skins)", "action_flag": 1, "change_message": "[{\"added\": {}}]"}}, {"model": "admin.logentry", "pk": 30, "fields": {"action_time": "2025-02-27T14:17:00.627Z", "user": 2, "content_type": 7, "object_id": "6", "object_repr": "Elder World - Theme (skins)", "action_flag": 1, "change_message": "[{\"added\": {}}]"}}, {"model": "auth.permission", "pk": 1, "fields": {"name": "Can add log entry", "content_type": 1, "codename": "add_logentry"}}, {"model": "auth.permission", "pk": 2, "fields": {"name": "Can change log entry", "content_type": 1, "codename": "change_logentry"}}, {"model": "auth.permission", "pk": 3, "fields": {"name": "Can delete log entry", "content_type": 1, "codename": "delete_logentry"}}, {"model": "auth.permission", "pk": 4, "fields": {"name": "Can view log entry", "content_type": 1, "codename": "view_logentry"}}, {"model": "auth.permission", "pk": 5, "fields": {"name": "Can add permission", "content_type": 2, "codename": "add_permission"}}, {"model": "auth.permission", "pk": 6, "fields": {"name": "Can change permission", "content_type": 2, "codename": "change_permission"}}, {"model": "auth.permission", "pk": 7, "fields": {"name": "Can delete permission", "content_type": 2, "codename": "delete_permission"}}, {"model": "auth.permission", "pk": 8, "fields": {"name": "Can view permission", "content_type": 2, "codename": "view_permission"}}, {"model": "auth.permission", "pk": 9, "fields": {"name": "Can add group", "content_type": 3, "codename": "add_group"}}, {"model": "auth.permission", "pk": 10, "fields": {"name": "Can change group", "content_type": 3, "codename": "change_group"}}, {"model": "auth.permission", "pk": 11, "fields": {"name": "Can delete group", "content_type": 3, "codename": "delete_group"}}, {"model": "auth.permission", "pk": 12, "fields": {"name": "Can view group", "content_type": 3, "codename": "view_group"}}, {"model": "auth.permission", "pk": 13, "fields": {"name": "Can add content type", "content_type": 4, "codename": "add_contenttype"}}, {"model": "auth.permission", "pk": 14, "fields": {"name": "Can change content type", "content_type": 4, "codename": "change_contenttype"}}, {"model": "auth.permission", "pk": 15, "fields": {"name": "Can delete content type", "content_type": 4, "codename": "delete_contenttype"}}, {"model": "auth.permission", "pk": 16, "fields": {"name": "Can view content type", "content_type": 4, "codename": "view_contenttype"}}, {"model": "auth.permission", "pk": 17, "fields": {"name": "Can add session", "content_type": 5, "codename": "add_session"}}, {"model": "auth.permission", "pk": 18, "fields": {"name": "Can change session", "content_type": 5, "codename": "change_session"}}, {"model": "auth.permission", "pk": 19, "fields": {"name": "Can delete session", "content_type": 5, "codename": "delete_session"}}, {"model": "auth.permission", "pk": 20, "fields": {"name": "Can view session", "content_type": 5, "codename": "view_session"}}, {"model": "auth.permission", "pk": 21, "fields": {"name": "Can add user", "content_type": 6, "codename": "add_customuser"}}, {"model": "auth.permission", "pk": 22, "fields": {"name": "Can change user", "content_type": 6, "codename": "change_customuser"}}, {"model": "auth.permission", "pk": 23, "fields": {"name": "Can delete user", "content_type": 6, "codename": "delete_customuser"}}, {"model": "auth.permission", "pk": 24, "fields": {"name": "Can view user", "content_type": 6, "codename": "view_customuser"}}, {"model": "auth.permission", "pk": 25, "fields": {"name": "Can add product", "content_type": 7, "codename": "add_product"}}, {"model": "auth.permission", "pk": 26, "fields": {"name": "Can change product", "content_type": 7, "codename": "change_product"}}, {"model": "auth.permission", "pk": 27, "fields": {"name": "Can delete product", "content_type": 7, "codename": "delete_product"}}, {"model": "auth.permission", "pk": 28, "fields": {"name": "Can view product", "content_type": 7, "codename": "view_product"}}, {"model": "auth.permission", "pk": 29, "fields": {"name": "Can add order", "content_type": 8, "codename": "add_order"}}, {"model": "auth.permission", "pk": 30, "fields": {"name": "Can change order", "content_type": 8, "codename": "change_order"}}, {"model": "auth.permission", "pk": 31, "fields": {"name": "Can delete order", "content_type": 8, "codename": "delete_order"}}, {"model": "auth.permission", "pk": 32, "fields": {"name": "Can view order", "content_type": 8, "codename": "view_order"}}, {"model": "auth.permission", "pk": 33, "fields": {"name": "Can add questions", "content_type": 9, "codename": "add_questions"}}, {"model": "auth.permission", "pk": 34, "fields": {"name": "Can change questions", "content_type": 9, "codename": "change_questions"}}, {"model": "auth.permission", "pk": 35, "fields": {"name": "Can delete questions", "content_type": 9, "codename": "delete_questions"}}, {"model": "auth.permission", "pk": 36, "fields": {"name": "Can view questions", "content_type": 9, "codename": "view_questions"}}, {"model": "contenttypes.contenttype", "pk": 1, "fields": {"app_label": "admin", "model": "logentry"}}, {"model": "contenttypes.contenttype", "pk": 2, "fields": {"app_label": "auth", "model": "permission"}}, {"model": "contenttypes.contenttype", "pk": 3, "fields": {"app_label": "auth", "model": "group"}}, {"model": "contenttypes.contenttype", "pk": 4, "fields": {"app_label": "contenttypes", "model": "contenttype"}}, {"model": "contenttypes.contenttype", "pk": 5, "fields": {"app_label": "sessions", "model": "session"}}, {"model": "contenttypes.contenttype", "pk": 6, "fields": {"app_label": "accounts", "model": "customuser"}}, {"model": "contenttypes.contenttype", "pk": 7, "fields": {"app_label": "shop", "model": "product"}}, {"model": "contenttypes.contenttype", "pk": 8, "fields": {"app_label": "shop", "model": "order"}}, {"model": "contenttypes.contenttype", "pk": 9, "fields": {"app_label": "game", "model": "questions"}}, {"model": "sessions.session", "pk": "1zjzbl4nghlgs5hee4epo6vir6dgo292", "fields": {"session_data": ".eJxVjEEOwiAQRe_C2hCH2gFcuvcMZBgGqRpISrsy3l2bdKHb_977LxVoXUpYu8xhSuqsUB1-t0j8kLqBdKd6a5pbXeYp6k3RO-362pI8L7v7d1Col29NPnI2Jokna1OWE4vJeWTH3o1i5Zghehwc4gA8CIBPYDGLBRLjGdX7AxqBOLc:1tnx9Y:HZq_SCVIWNqHQAqaXl_GJY8mRh1t09lCLoqZ8zHsIOQ", "expire_date": "2025-03-14T09:59:32.581Z"}}, {"model": "sessions.session", "pk": "vqa1cfporhexvrd3ygz3y51vifs59tnt", "fields": {"session_data": ".eJxVjDsOwjAQBe_iGlnrD_5Q0ucM1tq7wQHkSHFSIe4OkVJA-2bmvUTCba1p67ykicRFaHH63TKWB7cd0B3bbZZlbusyZbkr8qBdDjPx83q4fwcVe_3WozJZBUagiCWeOetiICsGqzlA8UyGgHMI1tPoyKnirVXgwHgT0Xjx_gD4pzfD:1tiZVP:mm9fz2Qq1LBJHjhR9sV4Xk30f3xoU_N5V-3Chc4M9Jo", "expire_date": "2025-02-27T13:43:51.205Z"}}, {"model": "sessions.session", "pk": "xlxh7dm90s3rqh8eybnml89j3h64mecb", "fields": {"session_data": "e30:1tlTy8:lTSeM7a_Cm1liL8c9-mzyWM7worjhylygg4clZV-Hhg", "expire_date": "2025-03-07T14:25:32.302Z"}}, {"model": "accounts.customuser", "pk": 1, "fields": {"password": "", "last_login": "2025-02-21T11:12:37.239Z", "is_superuser": false, "username": "Leon123", "first_name": "", "last_name": "", "email": "random@example.com", "is_staff": false, "is_active": true, "date_joined": "2025-02-12T10:54:18.123Z", "image": "user_profile_images/profile_placeholder_7cFdueT.jpeg", "stars": 5, "coins": 150, "nation": "IT", "average_stars_per_game": 5.0, "games_played": 0, "groups": [], "user_permissions": []}}, {"model": "accounts.customuser", "pk": 2, "fields": {"password": "pbkdf2_sha256$870000$1LW2sXS7XSMf3wAjF5OMAA$aTpQUU0aX//D1W4a8FjbycXdqBM7W2W8b6S3t/lNMSk=", "last_login": "2025-02-27T12:35:50.775Z", "is_superuser": true, "username": "LeonAdmin", "first_name": "", "last_name": "", "email": "admin@example.com", "is_staff": true, "is_active": true, "date_joined": "2025-02-12T11:06:02.421Z", "image": "user_profile_images/profile_placeholder.jpeg", "stars": 53, "coins": 373, "nation": "DE", "average_stars_per_game": 11.0, "games_played": 3, "groups": [], "user_permissions": []}}, {"model": "accounts.customuser", "pk": 3, "fields": {"password": "", "last_login": null, "is_superuser": false, "username": "Max", "first_name": "", "last_name": "", "email": "maxm22@example.com", "is_staff": false, "is_active": true, "date_joined": "2025-02-19T13:03:51.894Z", "image": "user_profile_images/profile_placeholder_iW6rgYQ.jpeg", "stars": 10, "coins": 200, "nation": "GB", "average_stars_per_game": 10.0, "games_played": 0, "groups": [], "user_permissions": []}}, {"model": "accounts.customuser", "pk": 4, "fields": {"password": "pbkdf2_sha256$870000$E1Wk7zWlcSMeVmN4EJjvb5$U7rRh48qfhI2DZpTWifw6/v6XcIwA3RLhPeIlPxaNjI=", "last_login": "2025-02-26T09:52:46.381Z", "is_superuser": false, "username": "king28", "first_name": "", "last_name": "", "email": "random@example.com", "is_staff": false, "is_active": true, "date_joined": "2025-02-25T09:24:21.927Z", "image": "user_profile_images/background-3.webp", "stars": 15, "coins": 15, "nation": "CN", "average_stars_per_game": 7.5, "games_played": 2, "groups": [], "user_permissions": []}}, {"model": "accounts.customuser", "pk": 6, "fields": {"password": "pbkdf2_sha256$870000$waY0hajVkFUzpg9btFT1uv$XrIYDsmOZ/KXHvbgMKUHGUrA44c2A/RxJWjvXLKBvcs=", "last_login": "2025-02-28T09:59:32.534Z", "is_superuser": false, "username": "king30", "first_name": "", "last_name": "", "email": "random@example.com", "is_staff": false, "is_active": true, "date_joined": "2025-02-26T10:13:38.428Z", "image": "user_profile_images/profile_placeholder.jpeg", "stars": 15, "coins": 15, "nation": "CN", "average_stars_per_game": 7.5, "games_played": 2, "groups": [], "user_permissions": []}}, {"model": "shop.product", "pk": 1, "fields": {"name": "50/50 Joker", "description": "The 50/50 Joker minimizes the choices by 50%.", "price": "15.00", "image": "product_images/home.webp", "category": "joker", "users": []}}, {"model": "shop.product", "pk": 2, "fields": {"name": "Telephone joker", "description": "The Phone Joker allows players to get a hint or answer suggestion from a virtual assistant.", "price": "100.00", "image": "product_images/poker.webp", "category": "joker", "users": []}}, {"model": "shop.product", "pk": 3, "fields": {"name": "Nova", "description": "Nova is an advanced AI bot designed to challenge players in a fast-paced quiz game, equipped with vast knowledge and quick reflexes.", "price": "50.00", "image": "product_images/profile_placeholder.jpeg", "category": "opponents", "users": []}}, {"model": "shop.product", "pk": 4, "fields": {"name": "Nebula", "description": "This skin gives the game a sense of infinite space, enhancing the excitement of every quiz round with a deep, starry atmosphere.", "price": "20.00", "image": "product_images/background-3.webp", "category": "skins", "users": []}}, {"model": "shop.product", "pk": 5, "fields": {"name": "Space - Theme", "description": "Distant planets and glowing galaxies drift silently, whispering the secrets of the universe.", "price": "50.00", "image": "product_images/space_arena.webp", "category": "skins", "users": [2]}}, {"model": "shop.product", "pk": 6, "fields": {"name": "Elder World - Theme", "description": "The theme of Elder World explores the clash between ancient, forgotten civilizations and the encroaching forces of modernity, where long-lost knowledge and powers resurface to challenge the present.", "price": "50.00", "image": "product_images/elder_world.webp", "category": "skins", "users": [2]}}, {"model": "shop.order", "pk": 1, "fields": {"user": 2, "product": 1, "quantity": 1, "total": "15.00", "order_date": "2025-02-12T15:28:21.970Z"}}, {"model": "shop.order", "pk": 2, "fields": {"user": 2, "product": 1, "quantity": 1, "total": "15.00", "order_date": "2025-02-12T15:37:36.971Z"}}, {"model": "shop.order", "pk": 3, "fields": {"user": 2, "product": 2, "quantity": 1, "total": "100.00", "order_date": "2025-02-13T13:44:16.516Z"}}, {"model": "shop.order", "pk": 4, "fields": {"user": 2, "product": 1, "quantity": 1, "total": "15.00", "order_date": "2025-02-14T09:01:28.889Z"}}, {"model": "shop.order", "pk": 5, "fields": {"user": 2, "product": 1, "quantity": 1, "total": "15.00", "order_date": "2025-02-14T09:21:28.214Z"}}, {"model": "shop.order", "pk": 6, "fields": {"user": 2, "product": 1, "quantity": 1, "total": "15.00", "order_date": "2025-02-14T09:22:19.016Z"}}, {"model": "shop.order", "pk": 7, "fields": {"user": 2, "product": 1, "quantity": 1, "total": "15.00", "order_date": "2025-02-14T09:23:15.584Z"}}, {"model": "shop.order", "pk": 8, "fields": {"user": 2, "product": 3, "quantity": 1, "total": "50.00", "order_date": "2025-02-18T12:51:23.066Z"}}, {"model": "shop.order", "pk": 9, "fields": {"user": 2, "product": 4, "quantity": 1, "total": "20.00", "order_date": "2025-02-18T13:13:26.959Z"}}, {"model": "shop.order", "pk": 10, "fields": {"user": 2, "product": 2, "quantity": 1, "total": "100.00", "order_date": "2025-02-18T14:31:29.447Z"}}, {"model": "shop.order", "pk": 11, "fields": {"user": 2, "product": 4, "quantity": 1, "total": "20.00", "order_date": "2025-02-18T14:55:44.663Z"}}, {"model": "shop.order", "pk": 12, "fields": {"user": 2, "product": 4, "quantity": 1, "total": "20.00", "order_date": "2025-02-18T14:59:34.570Z"}}, {"model": "shop.order", "pk": 13, "fields": {"user": 2, "product": 4, "quantity": 1, "total": "20.00", "order_date": "2025-02-18T15:00:12.528Z"}}, {"model": "shop.order", "pk": 14, "fields": {"user": 2, "product": 4, "quantity": 1, "total": "20.00", "order_date": "2025-02-18T15:00:20.797Z"}}, {"model": "shop.order", "pk": 15, "fields": {"user": 2, "product": 4, "quantity": 1, "total": "20.00", "order_date": "2025-02-18T15:00:41.484Z"}}, {"model": "shop.order", "pk": 16, "fields": {"user": 2, "product": 4, "quantity": 1, "total": "20.00", "order_date": "2025-02-18T15:01:52.967Z"}}, {"model": "shop.order", "pk": 17, "fields": {"user": 2, "product": 4, "quantity": 1, "total": "20.00", "order_date": "2025-02-18T15:03:34.304Z"}}, {"model": "shop.order", "pk": 18, "fields": {"user": 2, "product": 4, "quantity": 1, "total": "20.00", "order_date": "2025-02-18T15:04:05.155Z"}}, {"model": "shop.order", "pk": 19, "fields": {"user": 2, "product": 4, "quantity": 1, "total": "20.00", "order_date": "2025-02-18T15:04:57.393Z"}}, {"model": "shop.order", "pk": 20, "fields": {"user": 2, "product": 4, "quantity": 1, "total": "20.00", "order_date": "2025-02-18T15:05:47.533Z"}}, {"model": "shop.order", "pk": 21, "fields": {"user": 2, "product": 1, "quantity": 1, "total": "15.00", "order_date": "2025-02-18T16:20:05.902Z"}}, {"model": "shop.order", "pk": 22, "fields": {"user": 2, "product": 2, "quantity": 1, "total": "100.00", "order_date": "2025-02-18T16:20:32.476Z"}}, {"model": "shop.order", "pk": 23, "fields": {"user": 2, "product": 4, "quantity": 1, "total": "20.00", "order_date": "2025-02-25T13:32:06.679Z"}}, {"model": "shop.order", "pk": 24, "fields": {"user": 2, "product": 4, "quantity": 1, "total": "20.00", "order_date": "2025-02-25T14:49:54.189Z"}}, {"model": "shop.order", "pk": 25, "fields": {"user": 2, "product": 4, "quantity": 1, "total": "20.00", "order_date": "2025-02-25T14:55:39.141Z"}}, {"model": "shop.order", "pk": 26, "fields": {"user": 2, "product": 4, "quantity": 1, "total": "20.00", "order_date": "2025-02-27T11:06:08.064Z"}}, {"model": "shop.order", "pk": 27, "fields": {"user": 2, "product": 5, "quantity": 1, "total": "50.00", "order_date": "2025-02-27T13:34:37.208Z"}}, {"model": "shop.order", "pk": 28, "fields": {"user": 2, "product": 5, "quantity": 1, "total": "50.00", "order_date": "2025-02-27T14:07:23.193Z"}}, {"model": "shop.order", "pk": 29, "fields": {"user": 2, "product": 5, "quantity": 1, "total": "50.00", "order_date": "2025-02-27T14:08:08.080Z"}}, {"model": "game.questions", "pk": 61, "fields": {"question": "In Muay Thai, which part of the elbow is typically used to strike an opponent?", "player": 2}}, {"model": "game.questions", "pk": 62, "fields": {"question": "In Muay Thai, what is a common target for an elbow strike?", "player": 2}}, {"model": "game.questions", "pk": 63, "fields": {"question": "In Muay Thai, which of the following is a benefit of using elbow strikes?", "player": 2}}, {"model": "game.questions", "pk": 64, "fields": {"question": "In Muay Thai, which of the following is a common way to throw an elbow strike?", "player": 2}}, {"model": "game.questions", "pk": 65, "fields": {"question": "In Muay Thai, which of the following is a common technique used to defend against an elbow strike?", "player": 2}}, {"model": "game.questions", "pk": 66, "fields": {"question": "In Muay Thai, what is the name of the elbow strike that is thrown in a downward motion?", "player": 2}}, {"model": "game.questions", "pk": 67, "fields": {"question": "In Muay Thai, which of the following is a common way to use elbows in a combination?", "player": 2}}, {"model": "game.questions", "pk": 68, "fields": {"question": "In Muay Thai, which of the following is a common elbow strike that is thrown in a horizontal motion?", "player": 2}}, {"model": "game.questions", "pk": 69, "fields": {"question": "What is the largest planet in our solar system?", "player": 2}}, {"model": "game.questions", "pk": 70, "fields": {"question": "What is the typical color of a banana?", "player": 2}}, {"model": "game.questions", "pk": 71, "fields": {"question": "In Muay Thai, what is the primary purpose of using elbows?", "player": 2}}, {"model": "game.questions", "pk": 72, "fields": {"question": "In Muay Thai, which of the following is a common type of elbow strike?", "player": 2}}, {"model": "game.questions", "pk": 73, "fields": {"question": "In Muay Thai, what is the primary purpose of using elbows?", "player": 4}}, {"model": "game.questions", "pk": 74, "fields": {"question": "In Muay Thai, which of the following elbow strikes is typically thrown in a downward motion?", "player": 4}}, {"model": "game.questions", "pk": 75, "fields": {"question": "In Muay Thai, what is the primary purpose of using elbows?", "player": 4}}, {"model": "game.questions", "pk": 76, "fields": {"question": "In Muay Thai, which part of the elbow is typically used to strike an opponent?", "player": 4}}, {"model": "game.questions", "pk": 77, "fields": {"question": "In Muay Thai, what is the primary purpose of using elbows?", "player": 6}}, {"model": "game.questions", "pk": 78, "fields": {"question": "In Muay Thai, which of the following elbow strikes is typically thrown in a downward motion?", "player": 6}}, {"model": "game.questions", "pk": 79, "fields": {"question": "In Muay Thai, what is the primary purpose of using elbows?", "player": 6}}, {"model": "game.questions", "pk": 80, "fields": {"question": "In Muay Thai, which part of the elbow is typically used to strike an opponent?", "player": 6}}, {"model": "game.questions", "pk": 81, "fields": {"question": "What is the largest planet in our solar system?", "player": 2}}, {"model": "game.questions", "pk": 82, "fields": {"question": "What is the chemical symbol for gold?", "player": 2}}, {"model": "game.questions", "pk": 83, "fields": {"question": "What is the largest planet in our solar system?", "player": 2}}, {"model": "game.questions", "pk": 84, "fields": {"question": "Which artist painted the famous painting 'The Starry Night'?", "player": 2}}]